population_share,access_share
0.0,0.0
0.0006657789613848203,0.00044258731336483515
0.0013315579227696406,0.0008851746267296703
0.0019973368841544607,0.0013277619400945053
0.002663115845539281,0.0017703492534593406
0.003328894806924101,0.0022129365668241757
0.0039946737683089215,0.0026555238801890106
0.004660452729693742,0.003098111193553846
0.005326231691078562,0.0035406985069186808
0.005992010652463382,0.003983285820283515
0.006657789613848202,0.0044258731336483505
0.007323568575233023,0.004868460447013186
0.007989347536617843,0.00531104776037802
0.008655126498002663,0.005753635073742856
0.009320905459387484,0.00619622238710769
0.009986684420772303,0.006638809700472525
0.010652463382157125,0.00708139701383736
0.011318242343541944,0.007523984327202195
0.011984021304926764,0.00796657164056703
0.012649800266311585,0.008409158953931864
0.013315579227696404,0.0088517462672967
0.013981358189081226,0.009294333580661535
0.014647137150466045,0.00973692089402637
0.015312916111850865,0.010179508207391205
0.015978695073235686,0.01062209552075604
0.016644474034620507,0.011064682834120876
0.017310252996005325,0.011507270147485711
0.017976031957390146,0.011949857460850545
0.018641810918774968,0.01239244477421538
0.019307589880159785,0.012835032087580215
0.019973368841544607,0.01327761940094505
0.020639147802929428,0.013720206714309886
0.02130492676431425,0.01416279402767472
0.021970705725699067,0.014605381341039555
0.022636484687083888,0.01504796865440439
0.02330226364846871,0.015490555967769225
0.023968042609853527,0.01593314328113406
0.02463382157123835,0.016375730594498896
0.02529960053262317,0.016818317907863728
0.02596537949400799,0.017260905221228563
0.02663115845539281,0.0177034925345934
0.02729693741677763,0.018146079847958234
0.02796271637816245,0.01858866716132307
0.02862849533954727,0.019031254474687904
0.02929427430093209,0.01947384178805274
0.02996005326231691,0.019916429101417575
0.03062583222370173,0.02035901641478241
0.031291611185086554,0.020801603728147246
0.03195739014647137,0.02124419104151208
0.03262316910785619,0.021686778354876916
0.033288948069241014,0.02212936566824175
0.03395472703062583,0.022571952981606587
0.03462050599201065,0.023014540294971422
0.035286284953395475,0.023457127608336258
0.03595206391478029,0.02389971492170109
0.03661784287616511,0.024342302235065925
0.037283621837549935,0.02478488954843076
0.03794940079893475,0.025227476861795595
0.03861517976031957,0.02567006417516043
0.039280958721704395,0.026112651488525266
0.03994673768308921,0.0265552388018901
0.04061251664447404,0.026997826115254937
0.041278295605858856,0.027440413428619772
0.041944074567243674,0.027883000741984604
0.0426098535286285,0.02832558805534944
0.043275632490013316,0.028768175368714274
0.043941411451398134,0.02921076268207911
0.04460719041278296,0.029653349995443945
0.045272969374167776,0.03009593730880878
0.045938748335552594,0.030538524622173616
0.04660452729693742,0.03098111193553845
0.04727030625832224,0.03142395959438173
0.047936085219707054,0.03186680725322502
0.04860186418109188,0.0323096549120683
0.0492676431424767,0.032752502570911585
0.049933422103861515,0.03319535022975487
0.05059920106524634,0.033638197888598155
0.05126498002663116,0.03408104554744144
0.05193075898801598,0.034523893206284725
0.0525965379494008,0.03496674086512801
0.05326231691078562,0.03540958852397129
0.05392809587217044,0.03585243618281458
0.05459387483355526,0.03629528384165786
0.05525965379494008,0.03673813150050115
0.0559254327563249,0.03718097915934443
0.05659121171770972,0.03762382681818771
0.05725699067909454,0.038066674477031
0.05792276964047936,0.03850952213587428
0.05858854860186418,0.03895236979471756
0.059254327563249,0.03939521745356085
0.05992010652463382,0.039838065112404134
0.06058588548601864,0.040280912771247415
0.06125166444740346,0.04072402077556915
0.061917443408788284,0.041167128779890885
0.06258322237017311,0.04161023678421262
0.06324900133155792,0.042053344788534355
0.06391478029294274,0.04249645279285609
0.06458055925432757,0.04293956079717783
0.06524633821571238,0.04338266880149957
0.0659121171770972,0.0438257768058213
0.06657789613848203,0.044268884810143044
0.06724367509986684,0.04471199281446478
0.06790945406125166,0.04515510081878652
0.06857523302263649,0.045598208823108256
0.0692410119840213,0.04604131682743
0.06990679094540612,0.04648442483175173
0.07057256990679095,0.046927532836073475
0.07123834886817576,0.04737064084039521
0.07190412782956059,0.047813748844716945
0.07256990679094541,0.048257117194517134
0.07323568575233022,0.04870048554431732
0.07390146471371505,0.04914385389411751
0.07456724367509987,0.0495872222439177
0.07523302263648468,0.05003059059371789
0.0758988015978695,0.050473958943518075
0.07656458055925433,0.050917327293318264
0.07723035952063914,0.051360695643118445
0.07789613848202397,0.051804063992918634
0.07856191744340879,0.05224743234271882
0.0792276964047936,0.05269080069251901
0.07989347536617843,0.0531341690423192
0.08055925432756325,0.05357753739211939
0.08122503328894808,0.054020905741919575
0.08189081225033289,0.05446427409171976
0.08255659121171771,0.054907642441519945
0.08322237017310254,0.055351010791320134
0.08388814913448735,0.05579437914112032
0.08455392809587217,0.05623774749092051
0.085219707057257,0.056681376186199145
0.08588548601864181,0.05712500488147779
0.08655126498002663,0.05756863357675642
0.08721704394141146,0.058012262272035056
0.08788282290279627,0.05845589096731369
0.08854860186418109,0.05889951966259233
0.08921438082556592,0.05934314835787097
0.08988015978695073,0.0597867770531496
0.09054593874833555,0.060230405748428244
0.09121171770972038,0.060674294789185325
0.09187749667110519,0.06111818382994241
0.09254327563249001,0.0615620728706995
0.09320905459387484,0.06200596191145658
0.09387483355525965,0.06244985095221367
0.09454061251664447,0.06289373999297075
0.0952063914780293,0.06333762903372785
0.09587217043941411,0.06378151807448493
0.09653794940079893,0.06422540711524201
0.09720372836218376,0.06466955650147756
0.09786950732356857,0.06511370588771309
0.0985352862849534,0.06555785527394863
0.09920106524633822,0.06600200466018416
0.09986684420772303,0.0664461540464197
0.10053262316910785,0.06689030343265523
0.10119840213049268,0.06733445281889076
0.10186418109187749,0.0677786022051263
0.10252996005326231,0.06822301193684029
0.10319573901464714,0.06866742166855427
0.10386151797603196,0.06911183140026825
0.10452729693741677,0.06955624113198224
0.1051930758988016,0.07000065086369622
0.10585885486018642,0.07044506059541021
0.10652463382157124,0.07088947032712418
0.10719041278295606,0.07133388005883817
0.10785619174434088,0.07177828979055216
0.1085219707057257,0.07222269952226615
0.10918774966711052,0.07266710925398012
0.10985352862849534,0.07311151898569411
0.11051930758988016,0.07355618906288655
0.11118508655126498,0.07400085914007898
0.1118508655126498,0.07444552921727142
0.11251664447403462,0.07489019929446385
0.11318242343541944,0.07533486937165629
0.11384820239680427,0.07577953944884872
0.11451398135818908,0.07622420952604116
0.1151797603195739,0.07666887960323358
0.11584553928095873,0.07711354968042602
0.11651131824234354,0.0775584801030969
0.11717709720372836,0.07800341052576779
0.11784287616511319,0.07844834094843867
0.118508655126498,0.07889327137110955
0.11917443408788282,0.07933820179378044
0.11984021304926765,0.07978313221645132
0.12050599201065246,0.0802280626391222
0.12117177097203728,0.08067325340727154
0.1218375499334221,0.08111844417542087
0.12250332889480692,0.0815636349435702
0.12316910785619174,0.08200882571171954
0.12383488681757657,0.08245401647986886
0.12450066577896138,0.08289920724801819
0.12516644474034622,0.08334439801616754
0.12583222370173103,0.08378984912979533
0.12649800266311584,0.08423530024342311
0.12716378162450068,0.08468075135705092
0.1278295605858855,0.0851262024706787
0.1284953395472703,0.08557165358430649
0.12916111850865514,0.08601710469793429
0.12982689747003995,0.08646255581156208
0.13049267643142476,0.08690800692518987
0.1311584553928096,0.08735345803881765
0.1318242343541944,0.08779890915244545
0.13249001331557922,0.08824436026607324
0.13315579227696406,0.08869007172517947
0.13382157123834887,0.08913578318428571
0.13448735019973368,0.08958149464339193
0.13515312916111852,0.09002720610249816
0.13581890812250333,0.0904729175616044
0.13648468708388814,0.09091888936618908
0.13715046604527298,0.09136486117077378
0.1378162450066578,0.09181083297535847
0.1384820239680426,0.09225680477994315
0.13914780292942744,0.09270277658452784
0.13981358189081225,0.09314900873459098
0.14047936085219706,0.0935952408846541
0.1411451398135819,0.09404147303471723
0.1418109187749667,0.09448770518478036
0.14247669773635152,0.0949339373348435
0.14314247669773636,0.09538016948490662
0.14380825565912117,0.09582640163496975
0.14447403462050598,0.09627289413051134
0.14513981358189082,0.09671938662605292
0.14580559254327563,0.09716613946707296
0.14647137150466044,0.09761289230809299
0.14713715046604528,0.09805964514911301
0.1478029294274301,0.09850639799013304
0.1484687083888149,0.09895315083115307
0.14913448735019974,0.09940016401765156
0.14980026631158455,0.09984717720415004
0.15046604527296936,0.10029419039064853
0.1511318242343542,0.10074120357714701
0.151797603195739,0.1011882167636455
0.15246338215712382,0.10163549029562242
0.15312916111850866,0.10208276382759936
0.15379494007989347,0.10253003735957629
0.15446071904127828,0.10297731089155321
0.15512649800266312,0.10342458442353014
0.15579227696404793,0.10387185795550706
0.15645805592543274,0.104319131487484
0.15712383488681758,0.10476640501946091
0.1577896138482024,0.10521367855143784
0.1584553928095872,0.10566121242889323
0.15912117177097204,0.10610874630634862
0.15978695073235685,0.106556280183804
0.1604527296937417,0.10700381406125939
0.1611185086551265,0.10745134793871478
0.1617842876165113,0.10789888181617016
0.16245006657789615,0.10834641569362555
0.16311584553928096,0.10879420991655937
0.16378162450066577,0.1092420041394932
0.1644474034620506,0.10968979836242702
0.16511318242343542,0.11013759258536085
0.16577896138482023,0.11058538680829468
0.16644474034620507,0.1110331810312285
0.16711051930758988,0.11148097525416233
0.1677762982689747,0.11192876947709615
0.16844207723035953,0.11237656370002998
0.16910785619174434,0.1128243579229638
0.16977363515312915,0.11327215214589763
0.170439414114514,0.11371994636883145
0.1711051930758988,0.11416800093724373
0.17177097203728361,0.11461605550565601
0.17243675099866845,0.1150641100740683
0.17310252996005326,0.11551216464248058
0.17376830892143807,0.11596021921089288
0.1744340878828229,0.11640827377930515
0.17509986684420772,0.11685658869319587
0.17576564580559254,0.1173049036070866
0.17643142476697737,0.11775321852097732
0.17709720372836218,0.11820179378034651
0.177762982689747,0.1186503690397157
0.17842876165113183,0.11909894429908488
0.17909454061251665,0.11954751955845405
0.17976031957390146,0.11999609481782324
0.1804260985352863,0.12044467007719242
0.1810918774966711,0.12089324533656161
0.18175765645805592,0.12134182059593078
0.18242343541944075,0.12179065620077843
0.18308921438082557,0.12223949180562607
0.18375499334221038,0.12268832741047371
0.18442077230359522,0.12313716301532135
0.18508655126498003,0.12358599862016899
0.18575233022636484,0.12403483422501663
0.18641810918774968,0.12448393017534272
0.1870838881491345,0.1249330261256688
0.1877496671105193,0.12538238242147334
0.18841544607190414,0.12583173871727787
0.18908122503328895,0.1262810950130824
0.18974700399467376,0.12673045130888697
0.1904127829560586,0.12718006795016992
0.1910785619174434,0.1276296845914529
0.19174434087882822,0.1280793012327359
0.19241011984021306,0.12852891787401888
0.19307589880159787,0.12897879486078032
0.19374167776298268,0.12942867184754175
0.19440745672436752,0.1298785488343032
0.19507323568575233,0.13032842582106463
0.19573901464713714,0.13077830280782607
0.19640479360852198,0.1312281797945875
0.1970705725699068,0.13167805678134895
0.1977363515312916,0.13212793376811038
0.19840213049267644,0.13257781075487182
0.19906790945406125,0.13302768774163326
0.19973368841544606,0.13347782507387312
0.2003994673768309,0.13392796240611302
0.2010652463382157,0.13437809973835288
0.20173102529960052,0.13482849741607122
0.20239680426098536,0.13527889509378957
0.20306258322237017,0.13572929277150791
0.20372836218375498,0.13617969044922623
0.20439414114513982,0.13663008812694458
0.20505992010652463,0.13708048580466292
0.20572569906790947,0.13753088348238124
0.20639147802929428,0.13798128116009958
0.2070572569906791,0.13843193918329635
0.20772303595206393,0.13888259720649315
0.20838881491344874,0.13933325522968992
0.20905459387483355,0.1397839132528867
0.2097203728362184,0.14023483162156195
0.2103861517976032,0.14068574999023717
0.211051930758988,0.1411366683589124
0.21171770972037285,0.14158758672758764
0.21238348868175766,0.14203876544174132
0.21304926764314247,0.142489944155895
0.2137150466045273,0.14294112287004868
0.21438082556591212,0.14339230158420235
0.21504660452729693,0.14384348029835603
0.21571238348868177,0.14429465901250968
0.21637816245006658,0.14474583772666336
0.2170439414114514,0.14519701644081703
0.21770972037283623,0.14564845550044916
0.21837549933422104,0.14609989456008132
0.21904127829560585,0.14655159396519188
0.2197070572569907,0.14700329337030246
0.2203728362183755,0.14745499277541305
0.2210386151797603,0.1479066921805236
0.22170439414114515,0.1483583915856342
0.22237017310252996,0.14881035133622322
0.22303595206391477,0.14926231108681226
0.2237017310252996,0.14971453118287972
0.22436750998668442,0.15016675127894719
0.22503328894806923,0.15061897137501468
0.22569906790945407,0.15107119147108214
0.22636484687083888,0.1515234115671496
0.2270306258322237,0.15197589200869555
0.22769640479360853,0.15242837245024146
0.22836218375499334,0.15288111323726586
0.22902796271637815,0.15333385402429026
0.229693741677763,0.15378659481131465
0.2303595206391478,0.15423933559833902
0.2310252996005326,0.15469207638536342
0.23169107856191745,0.15514507751786624
0.23235685752330226,0.1555980786503691
0.23302263648468707,0.15605107978287192
0.2336884154460719,0.15650408091537474
0.23435419440745672,0.15695708204787756
0.23501997336884153,0.1574100831803804
0.23568575233022637,0.1578633446583617
0.23635153129161118,0.158316606136343
0.237017310252996,0.15876986761432427
0.23768308921438083,0.159223389437784
0.23834886817576564,0.15967691126124373
0.23901464713715045,0.16013043308470346
0.2396804260985353,0.16058395490816318
0.2403462050599201,0.1610374767316229
0.24101198402130491,0.16149099855508264
0.24167776298268975,0.16194452037854237
0.24234354194407456,0.16239830254748056
0.24300932090545938,0.16285208471641874
0.2436750998668442,0.16330586688535692
0.24434087882822902,0.1637596490542951
0.24500665778961384,0.1642134312232333
0.24567243675099867,0.1646672133921715
0.24633821571238348,0.1651212559065881
0.2470039946737683,0.16557529842100474
0.24766977363515313,0.16602934093542138
0.24833555259653795,0.16648338344983798
0.24900133155792276,0.16693768630973307
0.2496671105193076,0.16739198916962816
0.25033288948069243,0.16784629202952323
0.25099866844207724,0.1683005948894183
0.25166444740346205,0.16875489774931335
0.25233022636484687,0.1692094609546869
0.2529960053262317,0.1696640241600604
0.2536617842876165,0.17011884771091237
0.25432756324900135,0.17057367126176437
0.25499334221038616,0.17102849481261637
0.255659121171771,0.1714835787089468
0.2563249001331558,0.17193892295075566
0.2569906790945406,0.17239426719256454
0.2576564580559254,0.17284961143437338
0.2583222370173103,0.17330495567618226
0.2589880159786951,0.17376029991799113
0.2596537949400799,0.17421564415979998
0.2603195739014647,0.1746712487470873
0.2609853528628495,0.17512685333437464
0.26165113182423433,0.17558271826714042
0.2623169107856192,0.1760385831999062
0.262982689747004,0.17649444813267198
0.2636484687083888,0.17695031306543776
0.2643142476697736,0.17740617799820355
0.26498002663115844,0.17786204293096933
0.26564580559254325,0.1783179078637351
0.2663115845539281,0.1787737727965009
0.2669773635153129,0.17922989807474513
0.26764314247669774,0.17968602335298936
0.26830892143808255,0.1801421486312336
0.26897470039946736,0.18059827390947783
0.26964047936085217,0.1810543991877221
0.27030625832223704,0.18151052446596633
0.27097203728362185,0.18196664974421056
0.27163781624500666,0.18242303536793325
0.27230359520639147,0.1828794209916559
0.2729693741677763,0.18333580661537857
0.27363515312916115,0.18379219223910123
0.27430093209054596,0.18424883820830237
0.27496671105193077,0.1847054841775035
0.2756324900133156,0.1851621301467046
0.2762982689747004,0.18561877611590571
0.2769640479360852,0.18607542208510686
0.27762982689747007,0.18653232839978642
0.2782956058588549,0.186989234714466
0.2789613848202397,0.18744614102914559
0.2796271637816245,0.1879033076893036
0.2802929427430093,0.18836047434946165
0.2809587217043941,0.1888176410096197
0.281624500665779,0.18927480766977772
0.2822902796271638,0.18973197432993577
0.2829560585885486,0.1901891409900938
0.2836218375499334,0.19064630765025184
0.28428761651131823,0.19110373465588834
0.28495339547270304,0.19156116166152484
0.2856191744340879,0.19201858866716132
0.2862849533954727,0.19247601567279782
0.28695073235685753,0.19293344267843432
0.28761651131824234,0.19339113002954925
0.28828229027962715,0.19384881738066415
0.28894806924101196,0.19430650473177907
0.28961384820239683,0.194764192082894
0.29027962716378164,0.1952218794340089
0.29094540612516645,0.19567982713060228
0.29161118508655126,0.19613777482719566
0.29227696404793607,0.19659572252378904
0.2929427430093209,0.19705393056586087
0.29360852197070575,0.1975121386079327
0.29427430093209056,0.197970606995483
0.29494007989347537,0.19842907538303328
0.2956058588548602,0.19888754377058357
0.296271637816245,0.19934627250361228
0.2969374167776298,0.19980500123664102
0.29760319573901467,0.20026372996966973
0.2982689747003995,0.20072245870269845
0.2989347536617843,0.2011814477812056
0.2996005326231691,0.20164069720519123
0.3002663115845539,0.20209994662917688
0.3009320905459387,0.2025591960531625
0.3015978695073236,0.20301844547714815
0.3022636484687084,0.20347795524661222
0.3029294274300932,0.20393746501607632
0.303595206391478,0.20439697478554042
0.30426098535286283,0.2048564845550045
0.30492676431424764,0.2053159943244686
0.3055925432756325,0.20577550409393267
0.3062583222370173,0.2062352742088752
0.30692410119840213,0.2066950443238177
0.30758988015978694,0.20715507478423867
0.30825565912117175,0.20761510524465965
0.30892143808255657,0.2080751357050806
0.30958721704394143,0.20853516616550158
0.31025299600532624,0.208995456971401
0.31091877496671105,0.20945574777730044
0.31158455392809586,0.20991603858319988
0.3122503328894807,0.21037658973457776
0.3129161118508655,0.21083714088595565
0.31358189081225035,0.21129769203733353
0.31424766977363516,0.21175824318871142
0.31491344873502,0.21221905468556776
0.3155792276964048,0.2126798661824241
0.3162450066577896,0.21314067767928047
0.3169107856191744,0.2136014891761368
0.3175765645805593,0.21406256101847157
0.3182423435419441,0.21452363286080633
0.3189081225033289,0.2149847047031411
0.3195739014647137,0.21544577654547586
0.3202396804260985,0.21590710873328908
0.3209054593874834,0.21636844092110233
0.3215712383488682,0.21682977310891555
0.322237017310253,0.21729110529672876
0.3229027962716378,0.217752437484542
0.3235685752330226,0.21821376967235523
0.32423435419440744,0.21867510186016845
0.3249001331557923,0.21913669439346015
0.3255659121171771,0.21959854727223027
0.3262316910785619,0.22006040015100042
0.32689747003994674,0.22052225302977058
0.32756324900133155,0.22098436625401913
0.32822902796271636,0.2214464794782677
0.3288948069241012,0.22190859270251626
0.32956058588548603,0.2223709662722433
0.33022636484687085,0.22283360018744877
0.33089214380825566,0.22329623410265426
0.33155792276964047,0.2237588680178597
0.3322237017310253,0.22422176227854365
0.33288948069241014,0.22468465653922762
0.33355525965379496,0.22514755079991156
0.33422103861517977,0.2256104450605955
0.3348868175765646,0.22607333932127943
0.3355525965379494,0.22653623358196337
0.3362183754993342,0.2269991278426473
0.33688415446071907,0.22746228244880967
0.3375499334221039,0.22792543705497204
0.3382157123834887,0.2283885916611344
0.3388814913448735,0.22885174626729676
0.3395472703062583,0.22931490087345913
0.3402130492676431,0.22977805547962146
0.340878828229028,0.23024121008578383
0.3415446071904128,0.2307043646919462
0.3422103861517976,0.23116751929810855
0.3428761651131824,0.23163093424974937
0.34354194407456723,0.23209434920139022
0.34420772303595204,0.23255776415303103
0.3448735019973369,0.2330214394501503
0.3455392809587217,0.23348511474726957
0.34620505992010653,0.23394879004438887
0.34687083888149134,0.23441246534150814
0.34753661784287615,0.2348761406386274
0.34820239680426096,0.23533981593574668
0.3488681757656458,0.23580375157834443
0.34953395472703064,0.23626768722094216
0.35019973368841545,0.23673188320901833
0.35086551264980026,0.23719633954257294
0.35153129161118507,0.23766079587612757
0.3521970705725699,0.23812525220968217
0.35286284953395475,0.2385897085432368
0.35352862849533956,0.23905442522226988
0.35419440745672437,0.23951914190130294
0.3548601864181092,0.23998385858033602
0.355525965379494,0.24044883560484756
0.3561917443408788,0.2409138126293591
0.35685752330226367,0.24137878965387063
0.3575233022636485,0.24184376667838217
0.3581890812250333,0.2423087437028937
0.3588548601864181,0.2427739810728837
0.3595206391478029,0.2432392184428737
0.3601864181091877,0.2437047161583421
0.3608521970705726,0.24417047421928897
0.3615179760319574,0.24463623228023584
0.3621837549933422,0.24510225068666117
0.362849533954727,0.24556826909308652
0.36351531291611183,0.24603428749951184
0.3641810918774967,0.24650030590593716
0.3648468708388815,0.2469663243123625
0.3655126498002663,0.24743234271878783
0.36617842876165113,0.24789862147069164
0.36684420772303594,0.24836490022259541
0.36750998668442075,0.24883117897449922
0.3681757656458056,0.24929771807188142
0.36884154460719043,0.24976425716926362
0.36950732356857524,0.25023079626664585
0.37017310252996005,0.2506975957095065
0.37083888149134486,0.25116439515236716
0.3715046604527297,0.2516314549407063
0.37217043941411454,0.25209851472904543
0.37283621837549935,0.2525655745173846
0.37350199733688416,0.25303289465120216
0.374167776298269,0.2535002147850197
0.3748335552596538,0.25396753491883733
0.3754993342210386,0.2544348550526549
0.37616511318242346,0.2549024355319509
0.37683089214380827,0.2553700160112469
0.3774966711051931,0.25583759649054294
0.3781624500665779,0.2563054373153174
0.3788282290279627,0.2567732781400919
0.3794940079893475,0.25724111896486634
0.3801597869507324,0.2577089597896408
0.3808255659121172,0.25817706095989373
0.381491344873502,0.2586454224756251
0.3821571238348868,0.25911378399135654
0.3828229027962716,0.2595821455070879
0.38348868175765644,0.26005076736829774
0.3841544607190413,0.26051938922950757
0.3848202396804261,0.26098801109071745
0.3854860186418109,0.2614566329519273
0.38615179760319573,0.2619255151586155
0.38681757656458055,0.2623943973653038
0.38748335552596536,0.26286327957199207
0.3881491344873502,0.26333216177868035
0.38881491344873503,0.2638010439853686
0.38948069241011984,0.26426992619205686
0.39014647137150466,0.2647390687442236
0.39081225033288947,0.26520821129639033
0.3914780292942743,0.265677353848557
0.39214380825565914,0.26614649640072374
0.39280958721704395,0.26661589929836893
0.39347536617842876,0.2670853021960141
0.3941411451398136,0.2675547050936593
0.3948069241011984,0.2680241079913045
0.3954727030625832,0.2684935108889497
0.39613848202396806,0.2689631741320733
0.3968042609853529,0.26943283737519697
0.3974700399467377,0.269902760963799
0.3981358189081225,0.2703729448978795
0.3988015978695073,0.27084312883196004
0.3994673768308921,0.27131357311151905
0.400133155792277,0.271784017391078
0.4007989347536618,0.27225472201611545
0.4014647137150466,0.2727254266411529
0.4021304926764314,0.2731961312661903
0.40279627163781623,0.27366683589122776
0.40346205059920104,0.2741375405162652
0.4041278295605859,0.27460850548678106
0.4047936085219707,0.2750794704572969
0.4054593874833555,0.27555043542781277
0.40612516644474034,0.2760216607438071
0.40679094540612515,0.2764928860598014
0.40745672436750996,0.27696411137579574
0.4081225033288948,0.27743533669179005
0.40878828229027964,0.27790656200778435
0.40945406125166445,0.2783780476692571
0.41011984021304926,0.2788495333307299
0.41078561917443407,0.2793210189922027
0.41145139813581894,0.27979250465367544
0.41211717709720375,0.28026399031514826
0.41278295605858856,0.28073573632209947
0.41344873501997337,0.2812074823290507
0.4141145139813582,0.28167948868148035
0.414780292942743,0.28215149503391
0.41544607190412786,0.2826235013863397
0.41611185086551267,0.28309550773876935
0.4167776298268975,0.283567514091199
0.4174434087882823,0.2840395204436286
0.4181091877496671,0.28451178714153674
0.4187749667110519,0.2849843141849233
0.4194407456724368,0.2854568412283099
0.4201065246338216,0.2859296286171749
0.4207723035952064,0.28640241600604
0.4214380825565912,0.286875203394905
0.422103861517976,0.2873482511292485
0.42276964047936083,0.287821298863592
0.4234354194407457,0.2882946069434139
0.4241011984021305,0.2887679150232358
0.4247669773635153,0.2892414834485362
0.42543275632490013,0.289715312219315
0.42609853528628494,0.29018914099009385
0.42676431424766975,0.29066296976087264
0.4274300932090546,0.2911367985316515
0.42809587217043943,0.2916106273024303
0.42876165113182424,0.29208445607320915
0.42942743009320905,0.29255854518946645
0.43009320905459386,0.29303263430572374
0.43075898801597867,0.29350672342198103
0.43142476697736354,0.2939810728837167
0.43209054593874835,0.2944554223454524
0.43275632490013316,0.29492977180718816
0.43342210386151797,0.2954043816144023
0.4340878828229028,0.2958789914216165
0.4347536617842876,0.29635360122883064
0.43541944074567246,0.2968282110360448
0.43608521970705727,0.297302820843259
0.4367509986684421,0.29777743065047313
0.4374167776298269,0.2982523008031658
0.4380825565912117,0.29872743130133683
0.4387483355525965,0.29920256179950794
0.4394141145139814,0.29967795264315744
0.4400798934753662,0.30015334348680694
0.440745672436751,0.30062873433045645
0.4414114513981358,0.3011043855195844
0.4420772303595206,0.30158029705419087
0.44274300932090543,0.3020562085887973
0.4434087882822903,0.30253238046888214
0.4440745672436751,0.30300855234896706
0.4447403462050599,0.3034847242290519
0.44540612516644473,0.3039608961091368
0.44607190412782954,0.3044370679892217
0.44673768308921435,0.3049132398693066
0.4474034620505992,0.30538941174939144
0.44806924101198403,0.3058658439749548
0.44873501997336884,0.3063425365459965
0.44940079893475365,0.3068192291170383
0.45006657789613846,0.30729592168808006
0.4507323568575233,0.3077728746046003
0.45139813581890814,0.30825008786659897
0.45206391478029295,0.3087275614740761
0.45272969374167776,0.3092052954270317
0.4533954727030626,0.3096832897254657
0.4540612516644474,0.3101612840238997
0.45472703062583225,0.31063927832233373
0.45539280958721706,0.3111177933117247
0.4560585885486019,0.3115963083011156
0.4567243675099867,0.3120748232905065
0.4573901464713715,0.3125535986253759
0.4580559254327563,0.31303237396024525
0.45872170439414117,0.31351140964059304
0.459387483355526,0.3139904453209409
0.4600532623169108,0.3144694810012887
0.4607190412782956,0.31494877702711493
0.4613848202396804,0.31542807305294124
0.4620505992010652,0.3159073690787675
0.4627163781624501,0.31638692545007224
0.4633821571238349,0.316866481821377
0.4640479360852197,0.31734629853816015
0.4647137150466045,0.31782637560042176
0.46537949400798934,0.31830645266268337
0.46604527296937415,0.318786529724945
0.466711051930759,0.3192666067872066
0.4673768308921438,0.3197466838494682
0.46804260985352863,0.32022702125720826
0.46870838881491345,0.3207073586649483
0.46937416777629826,0.32118795641816683
0.47003994673768307,0.3216685541713854
0.47070572569906793,0.32214941227008237
0.47137150466045274,0.32263027036877934
0.47203728362183756,0.32311112846747636
0.47270306258322237,0.32359198656617333
0.4733688415446072,0.32407310501034875
0.474034620505992,0.32455422345452417
0.47470039946737685,0.32503560224417805
0.47536617842876167,0.3255169810338319
0.4760319573901465,0.32599835982348574
0.4766977363515313,0.32647999895861807
0.4773635153129161,0.32696189843922885
0.4780292942743009,0.3274437979198397
0.4786950732356858,0.32792569740045047
0.4793608521970706,0.32840759688106125
0.4800266311584554,0.3288897567071504
0.4806924101198402,0.32937191653323966
0.481358189081225,0.3298543367048073
0.48202396804260983,0.330336756876375
0.4826897470039947,0.3308194373934211
0.4833555259653795,0.3313021179104672
0.4840213049267643,0.3317850587729918
0.48468708388814913,0.3322679996355164
0.48535286284953394,0.3327512008435194
0.48601864181091875,0.3332344020515224
0.4866844207723036,0.3337176032595254
0.4873501997336884,0.3342010648130069
0.48801597869507324,0.3346845263664883
0.48868175765645805,0.33516798791996977
0.48934753661784286,0.33565144947345127
0.49001331557922767,0.33613517137241117
0.49067909454061254,0.3366191536168495
0.49134487350199735,0.33710313586128793
0.49201065246338216,0.3375871181057263
0.49267643142476697,0.33807136069564314
0.4933422103861518,0.33855560328556
0.4940079893475366,0.3390398458754768
0.49467376830892146,0.33952408846539367
0.49533954727030627,0.34000859140078893
0.4960053262316911,0.34049309433618424
0.4966711051930759,0.340977857617058
0.4973368841544607,0.3414628812434101
0.4980026631158455,0.3419479048697623
0.4986684420772304,0.3424329284961144
0.4993342210386152,0.342918212467945
0.5,0.34340349643977564
0.5006657789613849,0.3438887804116062
0.5013315579227696,0.3443740643834368
0.5019973368841545,0.34485934835526744
0.5026631158455392,0.34534489267257645
0.5033288948069241,0.345830697335364
0.503994673768309,0.34631676234362996
0.5046604527296937,0.34680282735189594
0.5053262316910786,0.3472888923601619
0.5059920106524634,0.3477749573684279
0.5066577896138482,0.3482610223766939
0.507323568575233,0.34874708738495985
0.5079893475366178,0.34923367308418274
0.5086551264980027,0.3497202587834056
0.5093209054593875,0.3502068444826285
0.5099866844207723,0.35069369052732985
0.5106524633821571,0.3511807969175096
0.511318242343542,0.3516679033076893
0.5119840213049268,0.35215500969786906
0.5126498002663116,0.35264237643352725
0.5133155792276964,0.35312974316918544
0.5139813581890812,0.35361710990484363
0.5146471371504661,0.3541044766405018
0.5153129161118508,0.3545923640671169
0.5159786950732357,0.355080251493732
0.5166444740346205,0.35556813892034717
0.5173102529960053,0.35605602634696226
0.5179760319573902,0.3565441741190558
0.5186418109187749,0.35703258223662787
0.5193075898801598,0.3575209903541999
0.5199733688415447,0.35800939847177193
0.5206391478029294,0.35849780658934394
0.5213049267643143,0.35898621470691594
0.521970705725699,0.359474622824488
0.5226364846870839,0.35996303094206
0.5233022636484687,0.36045143905963206
0.5239680426098535,0.36094036786816097
0.5246338215712384,0.36142929667668994
0.5252996005326231,0.36191822548521885
0.525965379494008,0.3624071542937478
0.5266311584553928,0.36289634344775523
0.5272969374167776,0.363385792947241
0.5279627163781625,0.36387550279220526
0.5286284953395473,0.3643652126371695
0.5292942743009321,0.36485492248213375
0.5299600532623169,0.36534489267257647
0.5306258322237017,0.36583486286301914
0.5312916111850865,0.36632483305346186
0.5319573901464714,0.36681480324390453
0.5326231691078562,0.3673050337798257
0.533288948069241,0.3677952643157469
0.5339547270306259,0.36828549485166806
0.5346205059920106,0.3687759857330677
0.5352862849533955,0.36926647661446727
0.5359520639147803,0.3697569674958669
0.5366178428761651,0.370247718722745
0.53728362183755,0.37073846994962306
0.5379494007989347,0.37122922117650115
0.5386151797603196,0.3717202327488577
0.5392809587217043,0.37221150466669267
0.5399467376830892,0.37270277658452766
0.5406125166444741,0.37319430884784105
0.5412782956058588,0.37368584111115444
0.5419440745672437,0.3741773733744678
0.5426098535286284,0.3746689056377812
0.5432756324900133,0.37516069824657305
0.5439414114513982,0.3756524908553649
0.5446071904127829,0.37614428346415674
0.5452729693741678,0.3766360760729486
0.5459387483355526,0.3771278686817404
0.5466045272969374,0.37761966129053226
0.5472703062583223,0.37811171424480255
0.547936085219707,0.37860376719907285
0.5486018641810919,0.3790960804988216
0.5492676431424767,0.3795886541440488
0.5499334221038615,0.380081227789276
0.5505992010652463,0.38057380143450326
0.5512649800266312,0.38106689577068736
0.551930758988016,0.3815599901068715
0.5525965379494008,0.3820533447885341
0.5532623169107856,0.3825466994701967
0.5539280958721704,0.38304005415185927
0.5545938748335553,0.3835334088335219
0.5552596537949401,0.38402676351518444
0.5559254327563249,0.3845203785423255
0.5565912117177098,0.3850139935694666
0.5572569906790945,0.3855076085966076
0.5579227696404794,0.38600122362374867
0.5585885486018641,0.3864950989963681
0.559254327563249,0.38698897436898755
0.5599201065246339,0.3874831100870854
0.5605858854860186,0.3879775061506618
0.5612516644474035,0.3884719022142381
0.5619174434087882,0.3889662982778145
0.5625832223701731,0.3894609546868693
0.563249001331558,0.3899556110959241
0.5639147802929427,0.39045052785045736
0.5645805592543276,0.39094544460499064
0.5652463382157124,0.39144088205048083
0.5659121171770972,0.391936319495971
0.566577896138482,0.39243201728693966
0.5672436750998668,0.3929279754233867
0.5679094540612517,0.39342445425079065
0.5685752330226365,0.3939209330781946
0.5692410119840213,0.394417672251077
0.5699067909454061,0.39491467176943784
0.570572569906791,0.39541193163327715
0.5712383488681758,0.39590919149711645
0.5719041278295606,0.39640671170643427
0.5725699067909454,0.3969044922612305
0.5732356857523302,0.3974025331615052
0.5739014647137151,0.39790057406177987
0.5745672436750998,0.398398875307533
0.5752330226364847,0.39889717655328605
0.5758988015978695,0.39939573814451756
0.5765645805592543,0.39989429973574914
0.5772303595206392,0.4003931216724591
0.5778961384820239,0.4008922039546476
0.5785619174434088,0.40139128623683606
0.5792276964047937,0.40189062886450294
0.5798934753661784,0.4023899714921699
0.5805592543275633,0.4028898348107937
0.581225033288948,0.40338969812941755
0.5818908122503329,0.4038900821389983
0.5825565912117177,0.40439072649405744
0.5832223701731025,0.4048913708491166
0.5838881491344874,0.4053922755496541
0.5845539280958721,0.40589344059567023
0.585219707057257,0.4063946056416863
0.5858854860186418,0.4068960310331808
0.5865512649800266,0.4073974564246753
0.5872170439414115,0.4078988818161698
0.5878828229027963,0.40840056755314275
0.5885486018641811,0.4089022532901157
0.5892143808255659,0.4094039390270887
0.5898801597869507,0.4099058851095401
0.5905459387483355,0.41040783119199153
0.5912117177097204,0.41091003761992145
0.5918774966711052,0.4114122440478513
0.59254327563249,0.4119144504757812
0.5932090545938749,0.4124166569037111
0.5938748335552596,0.4129191236771194
0.5945406125166445,0.4134215904505278
0.5952063914780293,0.4139243175694145
0.5958721704394141,0.4144270446883012
0.596537949400799,0.414929771807188
0.5972037283621837,0.41543275927155315
0.5978695073235686,0.4159357467359183
0.5985352862849534,0.41643873420028354
0.5992010652463382,0.4169417216646487
0.5998668442077231,0.41744496947449233
0.6005326231691078,0.417948217284336
0.6011984021304927,0.4184517254396581
0.6018641810918774,0.41895549394045867
0.6025299600532623,0.4194595227867377
0.6031957390146472,0.4199635516330167
0.6038615179760319,0.4204678408247742
0.6045272969374168,0.42097213001653166
0.6051930758988016,0.4214766795537676
0.6058588548601864,0.42198201012743886
0.6065246338215713,0.4224873407011101
0.607190412782956,0.4229929316202598
0.6078561917443409,0.42349878288488796
0.6085219707057257,0.4240046341495161
0.6091877496671105,0.42451048541414427
0.6098535286284953,0.4250163366787724
0.6105193075898802,0.42552244828887903
0.611185086551265,0.42602855989898564
0.6118508655126498,0.42653467150909224
0.6125166444740346,0.4270413038101558
0.6131824234354194,0.42754793611121933
0.6138482023968043,0.4280548287577613
0.6145139813581891,0.4285617214043033
0.6151797603195739,0.4290688743963237
0.6158455392809588,0.42957602738834405
0.6165113182423435,0.4300831803803644
0.6171770972037284,0.4305905937178633
0.6178428761651131,0.4310980070553621
0.618508655126498,0.4316056807383394
0.6191744340878829,0.4321133544213167
0.6198402130492676,0.4326215487952509
0.6205059920106525,0.4331300035146636
0.6211717709720372,0.43363845823407626
0.6218375499334221,0.43414717329896735
0.622503328894807,0.4346558883638585
0.6231691078561917,0.43516460342874963
0.6238348868175766,0.4356738391845977
0.6245006657789614,0.4361830749404457
0.6251664447403462,0.4366923106962938
0.625832223701731,0.43720180679762016
0.6264980026631158,0.4377113028989466
0.6271637816245007,0.4382210593457515
0.6278295605858855,0.4387313364835133
0.6284953395472703,0.4392416136212751
0.6291611185086551,0.4397521511045154
0.62982689747004,0.4402629489332341
0.6304926764314248,0.44077400710743125
0.6311584553928096,0.4412850652816285
0.6318242343541944,0.4417966441467825
0.6324900133155792,0.44230848335741496
0.6331557922769641,0.44282032256804743
0.6338215712383488,0.44333216177867996
0.6344873501997337,0.4438447820257478
0.6351531291611185,0.44435740227281567
0.6358189081225033,0.4448700225198835
0.6364846870838882,0.44538290311242984
0.6371504660452729,0.4458960440504546
0.6378162450066578,0.44640918498847937
0.6384820239680427,0.44692232592650416
0.6391478029294274,0.4474354668645289
0.6398135818908123,0.4479491284935106
0.640479360852197,0.44846331081344915
0.6411451398135819,0.4489774931333877
0.6418109187749668,0.44949323752619696
0.6424766977363515,0.45000898191900623
0.6431424766977364,0.45052472631181556
0.6438082556591211,0.4510407310501033
0.644474034620506,0.451556735788391
0.6451398135818908,0.4520730008721571
0.6458055925432756,0.4525892659559233
0.6464713715046605,0.4531055310396894
0.6471371504660453,0.45362231681441245
0.6478029294274301,0.4541391025891355
0.6484687083888149,0.45465640905481547
0.6491344873501997,0.4551739758659739
0.6498002663115846,0.4556920633680892
0.6504660452729694,0.45621015087020456
0.6511318242343542,0.4567284987177983
0.651797603195739,0.457246846565392
0.6524633821571239,0.4577659754494211
0.6531291611185086,0.45828536467892866
0.6537949400798935,0.45880527459939313
0.6544607190412783,0.4593254448653361
0.6551264980026631,0.45984561513127903
0.655792276964048,0.4603663060881788
0.6564580559254327,0.46088777808151393
0.6571238348868176,0.4614100311112845
0.6577896138482024,0.4619325444865335
0.6584553928095872,0.46245583889821773
0.6591211717709721,0.4629793936553805
0.6597869507323568,0.4635032087580217
0.6604527296937417,0.4640275445516198
0.6611185086551264,0.46455240103617484
0.6617842876165113,0.46507751786620827
0.6624500665778962,0.46560289504172014
0.6631158455392809,0.466128792908189
0.6637816245006658,0.46665521146561467
0.6644474034620506,0.46718189036851887
0.6651131824234354,0.46770882961690147
0.6657789613848203,0.4682360292107625
0.666444740346205,0.4687642701865374
0.6671105193075899,0.4692925111623122
0.6677762982689747,0.4698210124835655
0.6684420772303595,0.4703495138048188
0.6691078561917443,0.4708782754715506
0.6697736351531292,0.4714072974837608
0.670439414114514,0.4719365798414495
0.6711051930758988,0.4724658621991382
0.6717709720372836,0.47299566524778375
0.6724367509986684,0.4735254682964293
0.6731025299600533,0.4740552713450748
0.6737683089214381,0.47458507439372033
0.6744340878828229,0.47511591882427967
0.6750998668442078,0.4756470236003175
0.6757656458055925,0.4761781283763553
0.6764314247669774,0.47671001418882847
0.6770972037283621,0.47724190000130157
0.677762982689747,0.4777745668502101
0.6784287616511319,0.4783082750810324
0.6790945406125166,0.47884224365733313
0.6797603195739015,0.47937621223363386
0.6804260985352862,0.47991044115541304
0.6810918774966711,0.4804446700771922
0.681757656458056,0.4809794196899283
0.6824234354194407,0.48151495033909975
0.6830892143808256,0.4820507413337497
0.6837549933422103,0.48258679267387805
0.6844207723035952,0.4831233647049633
0.6850865512649801,0.4836599367360485
0.6857523302263648,0.4841970294580907
0.6864181091877497,0.48473412218013284
0.6870838881491345,0.4852717355931319
0.6877496671105193,0.48580960935160944
0.6884154460719041,0.4863485244920007
0.689081225033289,0.48688769997787046
0.6897470039946738,0.48742765650017555
0.6904127829560586,0.48796787336795916
0.6910785619174434,0.48850861092669956
0.6917443408788282,0.48904986917639687
0.6924101198402131,0.4895913877715727
0.6930758988015979,0.4901329063667485
0.6937416777629827,0.4906746853074027
0.6944074567243675,0.49121672459353544
0.6950732356857523,0.49175954491610346
0.6957390146471372,0.49230366696606376
0.6964047936085219,0.4928480493615025
0.6970705725699068,0.49339269210241976
0.6977363515312917,0.49393733484333696
0.6984021304926764,0.49448275862068947
0.6990679094540613,0.4950284427435205
0.699733688415446,0.49557542859374376
0.7003994673768309,0.49612241444396704
0.7010652463382158,0.4966699209851471
0.7017310252996005,0.49721742752632725
0.7023968042609854,0.49776519441298583
0.7030625832223701,0.4983129612996444
0.703728362183755,0.49886098853178146
0.7043941411451398,0.49940979680035386
0.7050599201065246,0.4999588654144047
0.7057256990679095,0.500508194373934
0.7063914780292943,0.5010585647153771
0.7070572569906791,0.5016099764387341
0.7077230359520639,0.5021624295440048
0.7083888149134487,0.502715142994754
0.7090545938748336,0.50326837713646
0.7097203728362184,0.5038223923146014
0.7103861517976032,0.5043769281836996
0.711051930758988,0.5049314640527979
0.7117177097203728,0.5054875619947669
0.7123834886817576,0.5060444409731713
0.7130492676431425,0.5066023613334893
0.7137150466045273,0.5071618437666783
0.7143808255659121,0.5077221072363024
0.715046604527297,0.5082849741607111
0.7157123834886817,0.5088488824670336
0.7163781624500666,0.5094148735371837
0.7170439414114514,0.5099811249528122
0.7177097203728362,0.5105489384413114
0.7183754993342211,0.5111167519298107
0.7190412782956058,0.5116866481821375
0.7197070572569907,0.5122594082347273
0.7203728362183754,0.512832168287317
0.7210386151797603,0.5134049283399068
0.7217043941411452,0.5139776883924966
0.7223701731025299,0.5145507087905649
0.7230359520639148,0.5151239895341115
0.7237017310252996,0.5156972702776582
0.7243675099866844,0.5162708113666834
0.7250332889480693,0.5168443524557086
0.725699067909454,0.5174178935447338
0.7263648468708389,0.5179916949792374
0.7270306258322237,0.518565496413741
0.7276964047936085,0.5191395581937229
0.7283621837549934,0.519713619973705
0.7290279627163782,0.520287681753687
0.729693741677763,0.520861743533669
0.7303595206391478,0.5214365863500864
0.7310252996005326,0.5220116895119822
0.7316910785619174,0.5225875737103134
0.7323568575233023,0.5231634579086446
0.7330226364846871,0.5237393421069758
0.7336884154460719,0.5243157469962639
0.7343541944074568,0.5248931932674658
0.7350199733688415,0.5254716809205814
0.7356857523302264,0.5260504289191755
0.7363515312916112,0.5266585959568345
0.737017310252996,0.5272678043764073
0.7376830892143809,0.5278793559052861
0.7383488681757656,0.5285000195259107
0.7390146471371505,0.5291402090574191
0.7396804260985352,0.5297830020437119
0.7403462050599201,0.5304320433214875
0.741011984021305,0.5310816052902201
0.7416777629826897,0.5317428828054828
0.7423435419440746,0.532422905195194
0.7430093209054593,0.5331047500032542
0.7436750998668442,0.5337912810299267
0.7443408788282291,0.5344788534385129
0.7450066577896138,0.535166946538056
0.7456724367509987,0.5358576430923835
0.7463382157123835,0.5365657827937672
0.7470039946737683,0.5372760052589786
0.7476697736351531,0.5379901329063667
0.748335552596538,0.5387050415901901
0.7490013315579228,0.5394235951107118
0.7496671105193076,0.5401491779591516
0.7503328894806924,0.5408776246078545
0.7509986684420772,0.5416141419663892
0.751664447403462,0.5423522213977948
0.7523302263648469,0.5431009749938167
0.7529960053262317,0.5438510303172309
0.7536617842876165,0.5446031684044726
0.7543275632490013,0.5453579099464989
0.7549933422103862,0.5461129118340037
0.7556591211717709,0.5468710378672498
0.7563249001331558,0.5476304656278881
0.7569906790945407,0.5483937985707033
0.7576564580559254,0.5491615573866521
0.7583222370173103,0.5499355644940837
0.758988015978695,0.5507166009294334
0.7596537949400799,0.5514999804740892
0.7603195739014648,0.5522849220916156
0.7609853528628495,0.5530711654365343
0.7616511318242344,0.5538610536181513
0.7623169107856191,0.554653024563596
0.762982689747004,0.5554475989638251
0.7636484687083888,0.5562473802736232
0.7643142476697736,0.5570521081475118
0.7649800266311585,0.5578628239674048
0.7656458055925432,0.5586774449694746
0.7663115845539281,0.5594996159904194
0.7669773635153129,0.5603217870113641
0.7676431424766977,0.5611442183777874
0.7683089214380826,0.561967430780646
0.7689747003994674,0.5627911638744615
0.7696404793608522,0.5636240090600227
0.770306258322237,0.5644607594277607
0.7709720372836218,0.5653047994688953
0.7716378162450066,0.5661537860741204
0.7723035952063915,0.5670048554431731
0.7729693741677763,0.5678564455031828
0.7736351531291611,0.5687103786724985
0.774300932090546,0.569572903242603
0.7749667110519307,0.5704367295400997
0.7756324900133156,0.5713013368740318
0.7762982689747004,0.5721669855898778
0.7769640479360852,0.5730336756876375
0.7776298268974701,0.5739008864763542
0.7782956058588548,0.5747683576105492
0.7789613848202397,0.5756384321995288
0.7796271637816246,0.576510589552336
0.7802929427430093,0.5773845693234924
0.7809587217043942,0.5782598508220409
0.7816245006657789,0.5791366943934603
0.7822902796271638,0.580016141419664
0.7829560585885486,0.5808966298277816
0.7836218375499334,0.5817776389268561
0.7842876165113183,0.5826630738990641
0.784953395472703,0.583550070944143
0.7856191744340879,0.5844373283347003
0.7862849533954727,0.5853284909074342
0.7869507323568575,0.5862251207352157
0.7876165113182424,0.5871230522903894
0.7882822902796272,0.5880209838455631
0.788948069241012,0.5889189154007368
0.7896138482023968,0.5898191900652167
0.7902796271637816,0.5907233699118731
0.7909454061251664,0.5916275497585296
0.7916111850865513,0.592532250296143
0.7922769640479361,0.5934372111792349
0.7929427430093209,0.5943439944806759
0.7936085219707057,0.5952510381275953
0.7942743009320905,0.5961583421199932
0.7949400798934754,0.5970664271488265
0.7956058588548602,0.5979758139050521
0.796271637816245,0.5988857213522345
0.7969374167776299,0.5997971908722876
0.7976031957390146,0.6007089207378191
0.7982689747003995,0.6016222126762214
0.7989347536617842,0.6025355046146236
0.7996005326231691,0.6034487965530259
0.800266311584554,0.6043623488369065
0.8009320905459387,0.6052766821572226
0.8015978695073236,0.606191796513974
0.8022636484687083,0.6071076919071607
0.8029294274300932,0.6080251493732182
0.8035952063914781,0.6089431275302325
0.8042609853528628,0.6098613660327253
0.8049267643142477,0.6107798648806966
0.8055925432756325,0.6116986240741463
0.8062583222370173,0.6126186849949883
0.8069241011984021,0.6135418700615716
0.8075898801597869,0.6144655758191119
0.8082556591211718,0.615389802267609
0.8089214380825566,0.6163161114799337
0.8095872170439414,0.6172442431106077
0.8102529960053262,0.6181741971596307
0.810918774966711,0.6191049322450891
0.8115845539280959,0.6200364483669829
0.8122503328894807,0.620968745525312
0.8129161118508655,0.6219013030291196
0.8135818908122503,0.6228359432967547
0.8142476697736352,0.6237713646008253
0.8149134487350199,0.6247075669413311
0.8155792276964048,0.6256458520456645
0.8162450066577897,0.6265843974954765
0.8169107856191744,0.6275234636362452
0.8175765645805593,0.6284625297770141
0.818242343541944,0.6294021166087398
0.8189081225033289,0.6303430051678577
0.8195739014647138,0.6312867575272386
0.8202396804260985,0.6322305098866196
0.8209054593874834,0.6331763450098281
0.8215712383488681,0.6341229611694719
0.822237017310253,0.6350732221658141
0.8229027962716379,0.6360250452350269
0.8235685752330226,0.6369776493406751
0.8242343541944075,0.6379315551737156
0.8249001331557922,0.6388865023886698
0.8255659121171771,0.639841970294581
0.8262316910785619,0.6407984795824059
0.8268974700399467,0.6417555095611878
0.8275632490013316,0.6427125395399697
0.8282290279627164,0.643672172973536
0.8288948069241012,0.6446318064071023
0.829560585885486,0.6455919605316255
0.8302263648468708,0.6465539370744978
0.8308921438082557,0.6475208601814608
0.8315579227696405,0.6484911677796436
0.8322237017310253,0.6494653805600031
0.8328894806924101,0.650443238177061
0.833555259653795,0.6514244802853386
0.8342210386151797,0.6524104086122284
0.8348868175765646,0.6533968576300752
0.8355525965379494,0.6543833066479218
0.8362183754993342,0.6553705367022038
0.8368841544607191,0.6563746892125851
0.8375499334221038,0.6573788417229665
0.8382157123834887,0.6583832545788261
0.8388814913448736,0.6593975605628669
0.8395472703062583,0.6604126475833432
0.8402130492676432,0.661434503586259
0.8408788282290279,0.6624566199346533
0.8415446071904128,0.6634855052654873
0.8422103861517976,0.6645224613061533
0.8428761651131824,0.6655601983832545
0.8435419440745673,0.6666041837518386
0.844207723035952,0.6676705588315694
0.8448735019973369,0.6687384959841709
0.8455392809587217,0.6698082555551216
0.8462050599201065,0.6708787961625077
0.8468708388814914,0.671950117806329
0.8475366178428761,0.6730287291235469
0.848202396804261,0.6741081214772003
0.8488681757656458,0.6751922000494657
0.8495339547270306,0.6762794027674726
0.8501997336884154,0.6773723330860052
0.8508655126498003,0.6784673461683655
0.8515312916111851,0.6795675661602947
0.8521970705725699,0.6806735137527499
0.8528628495339547,0.6817901355098216
0.8535286284953395,0.6829161297041174
0.8541944074567244,0.6840444670077193
0.8548601864181092,0.6851777508754117
0.855525965379494,0.686311555434061
0.8561917443408789,0.687452649666107
0.8568575233022636,0.6885942645891098
0.8575233022636485,0.6897374415849833
0.8581890812250332,0.6908863461813827
0.8588548601864181,0.6920414990692648
0.859520639147803,0.6931987347209747
0.8601864181091877,0.6943564910636415
0.8608521970705726,0.6955142474063082
0.8615179760319573,0.6966733054763672
0.8621837549933422,0.6978328842373831
0.8628495339547271,0.6989968888715326
0.8635153129161118,0.7001634969604665
0.8641810918774967,0.701330365394879
0.8648468708388815,0.7024980148657268
0.8655126498002663,0.7036667057184884
0.8661784287616512,0.704840603480819
0.8668442077230359,0.7060158029705418
0.8675099866844208,0.7071925645331354
0.8681757656458056,0.7083693260957289
0.8688415446071904,0.7095497324950207
0.8695073235685752,0.7107348251129247
0.87017310252996,0.7119290298225744
0.8708388814913449,0.7131250569505734
0.8715046604527297,0.7143229064969214
0.8721704394141145,0.7155215370797047
0.8728362183754993,0.7167227711172727
0.8735019973368842,0.7179260879186681
0.874167776298269,0.7191296650655421
0.8748335552596538,0.7203350646307651
0.8754993342210386,0.7215407245414667
0.8761651131824234,0.722752632743651
0.8768308921438083,0.7239648012913137
0.877496671105193,0.7251790526028041
0.8781624500665779,0.7263940849507299
0.8788282290279628,0.7276119810989186
0.8794940079893475,0.7288306582835425
0.8801597869507324,0.7300498561591234
0.8808255659121171,0.7312693143801827
0.881491344873502,0.7324921570924618
0.8821571238348869,0.7337152601502195
0.8828229027962716,0.7349388838989341
0.8834886817576565,0.7361630283386056
0.8841544607190412,0.7373871727782769
0.8848202396804261,0.7386118379089052
0.8854860186418109,0.7398365030395335
0.8861517976031957,0.7410635112794679
0.8868175765645806,0.7422996316111481
0.8874833555259654,0.7435365329792636
0.8881491344873502,0.7447773395295558
0.888814913448735,0.7460186667708051
0.8894806924101198,0.7472610353939679
0.8901464713715047,0.7485096523086137
0.8908122503328895,0.7497590502596947
0.8914780292942743,0.7510087085562543
0.8921438082556591,0.7522620116895121
0.892809587217044,0.7535166165501622
0.8934753661784287,0.7547714817562908
0.8941411451398136,0.7560289504172039
0.8948069241011984,0.7572869397690738
0.8954727030625832,0.7585509170669481
0.8961384820239681,0.7598164564376931
0.8968042609853528,0.7610822561539166
0.8974700399467377,0.7623483162156185
0.8981358189081226,0.7636180211140188
0.8988015978695073,0.7648885070488542
0.8994673768308922,0.7661618567839528
0.9001331557922769,0.7674362479009651
0.9007989347536618,0.7687116803998911
0.9014647137150466,0.7699876335897741
0.9021304926764314,0.771265929888963
0.9027962716378163,0.7725455279155442
0.903462050599201,0.773825386287604
0.9041278295605859,0.7751055050051421
0.9047936085219707,0.77639239270512
0.9054593874833555,0.7776798010960548
0.9061251664447404,0.7789672094869896
0.9067909454061251,0.7802548782234028
0.90745672436751,0.7815433279962514
0.9081225033288948,0.7828328191510137
0.9087882822902796,0.7841230913422115
0.9094540612516645,0.7854206532068058
0.9101198402130493,0.7867202978352276
0.9107856191744341,0.7880204631546064
0.9114513981358189,0.7893208888194637
0.9121171770972037,0.7906218351752778
0.9127829560585885,0.7919324143137947
0.9134487350199734,0.793245596907096
0.9141145139813582,0.7945600812277895
0.914780292942743,0.7958753465849184
0.9154460719041279,0.7971911326330043
0.9161118508655126,0.798507439372047
0.9167776298268975,0.7998286926751803
0.9174434087882823,0.8011530701240549
0.9181091877496671,0.8024787493003218
0.918774966711052,0.8038059905494594
0.9194407456724367,0.8051347938714677
0.9201065246338216,0.8064677627211312
0.9207723035952063,0.8078059384803637
0.9214380825565912,0.8091464573489023
0.9221038615179761,0.81048879863579
0.9227696404793608,0.8118321813045916
0.9234354194407457,0.8131758243188716
0.9241011984021305,0.8145210294060222
0.9247669773635153,0.8158743052030047
0.9254327563249002,0.8172286223819011
0.9260985352862849,0.8185847619791466
0.9267643142476698,0.8199419429583059
0.9274300932090546,0.8213043308470344
0.9280958721704394,0.8226669790812411
0.9287616511318242,0.8240335324976246
0.929427430093209,0.8254032100597495
0.9300932090545939,0.8267757514221373
0.9307589880159787,0.8281519376212235
0.9314247669773635,0.8295296858931804
0.9320905459387483,0.8309082152015727
0.9327563249001332,0.832288566928314
0.933422103861518,0.833673344528189
0.9340878828229028,0.8350643704195467
0.9347536617842876,0.8364577394202106
0.9354194407456724,0.8378524101482667
0.9360852197070573,0.8392473412218013
0.936750998668442,0.8406440947136851
0.9374167776298269,0.8420426706239179
0.9380825565912118,0.8434433292979784
0.9387483355525965,0.8448445086629958
0.9394141145139814,0.8462495932101899
0.9400798934753661,0.8476580622486038
0.940745672436751,0.8490738209604144
0.9414114513981359,0.8504973900365784
0.9420772303595206,0.8519238229130056
0.9427430093209055,0.8533718644641439
0.9434087882822902,0.8548256336158082
0.9440745672436751,0.8562820062222569
0.9447403462050599,0.8577412426289686
0.9454061251664447,0.8592036031814216
0.9460719041278296,0.8606698689160515
0.9467376830892144,0.8621363949961598
0.9474034620505992,0.8636044831491387
0.948069241011984,0.8650816833938636
0.9487350199733688,0.8665617474388512
0.9494007989347537,0.8680519649574985
0.9500665778961385,0.8695442652399733
0.9507323568575233,0.8710454172687154
0.9513981358189081,0.8725468296429361
0.952063914780293,0.8740531885812471
0.9527296937416777,0.8755642337381704
0.9533954727030626,0.8770763202770074
0.9540612516644474,0.8785925723434997
0.9547270306258322,0.8801098657919058
0.9553928095872171,0.8816282006222256
0.9560585885486018,0.8831585113445541
0.9567243675099867,0.8846916858671456
0.9573901464713716,0.886225381080694
0.9580559254327563,0.8877653245857252
0.9587217043941412,0.8893130784551098
0.9593874833555259,0.8908610926699729
0.9600532623169108,0.8924166569037112
0.9607190412782957,0.8939802918472812
0.9613848202396804,0.8955478319730281
0.9620505992010653,0.8971156324442534
0.96271637816245,0.898684734642871
0.9633821571238349,0.9002556592598379
0.9640479360852197,0.9018273649132399
0.9647137150466045,0.9034034964397756
0.9653794940079894,0.9049798883117898
0.9660452729693741,0.9065627888207651
0.966711051930759,0.9081545410760079
0.9673768308921438,0.9097681623514403
0.9680426098535286,0.9114036526470626
0.9687083888149135,0.9130401843245988
0.9693741677762983,0.9146782780750056
0.9700399467376831,0.9163226201168951
0.9707057256990679,0.91797112768644
0.9713715046604527,0.9196290076932089
0.9720372836218375,0.9213030291196417
0.9727030625832224,0.9229851212559065
0.9733688415446072,0.9246713789198264
0.974034620505992,0.9263818487132423
0.9747003994673769,0.9280933598885719
0.9753661784287616,0.9298225745564361
0.9760319573901465,0.9315869358638912
0.9766977363515313,0.9333557230444798
0.9773635153129161,0.9351302378255943
0.978029294274301,0.9369143853894115
0.9786950732356857,0.9387000950260994
0.9793608521970706,0.9405011650460158
0.9800266311584553,0.9423170747582039
0.9806924101198402,0.9441332448158705
0.9813581890812251,0.945954621783106
0.9820239680426098,0.9477835487692164
0.9826897470039947,0.9496226292289865
0.9833555259653795,0.9514723838533731
0.9840213049267643,0.9533276057328072
0.9846870838881492,0.9551849103760687
0.9853528628495339,0.957046120201507
0.9860186418109188,0.9589263352468722
0.9866844207723036,0.9608088934015434
0.9873501997336884,0.9626945757019562
0.9880159786950732,0.9645896304395929
0.988681757656458,0.9665081162702902
0.9893475366178429,0.9684383176475179
0.9900133155792277,0.9703745069707498
0.9906790945406125,0.9723122583668524
0.9913448735019973,0.974252873563218
0.9920106524633822,0.9761963525598466
0.992676431424767,0.9781406125929105
0.9933422103861518,0.9800898191900649
0.9940079893475366,0.9820431913148745
0.9946737683089214,0.9839983858580332
0.9953395472703063,0.98596399422033
0.996005326231691,0.9879319456919328
0.9966711051930759,0.9899058851095399
0.9973368841544608,0.9919055987295136
0.9980026631158455,0.9939053123494873
0.9986684420772304,0.995907889769724
0.9993342210386151,0.9979276499915384
1.0,0.9999999999999996
